No,지역,지역,지역,지역,2025년 7월,2025년 8월,2025년 9월,2025년 10월,2025년 11월,2025년 12월,2026년 1월,2026년 2월,2026년 3월,2026년 4월
No,지역,지역,지역,지역,매매가격 대비 전세가격,매매가격 대비 전세가격,매매가격 대비 전세가격,매매가격 대비 전세가격,매매가격 대비 전세가격,매매가격 대비 전세가격,매매가격 대비 전세가격,매매가격 대비 전세가격,매매가격 대비 전세가격,매매가격 대비 전세가격
No,지역,지역,지역,지역,%,%,%,%,%,%,%,%,%,%
1,전국,전국,전국,전국,68.1,68.2,68.2,68.2,68.2,68.3,68.4,68.5,68.6,68.8
2,수도권,수도권,수도권,수도권,62.3,62.3,62.3,62.1,62.2,62.2,62.2,62.3,62.4,62.6
3,지방권,지방권,지방권,지방권,73.7,73.7,73.8,73.9,74.0,74.0,74.2,74.3,74.4,74.6
4,6대광역시,6대광역시,6대광역시,6대광역시,69.7,69.8,70.0,70.1,70.2,70.3,70.5,70.6,70.8,71.0
5,5대광역시,5대광역시,5대광역시,5대광역시,70.3,70.4,70.6,70.7,70.8,70.9,71.1,71.2,71.4,71.6
6,9개도,9개도,9개도,9개도,71.7,71.7,71.8,71.8,71.8,71.8,71.9,72.0,72.1,72.3
7,8개도,8개도,8개도,8개도,77.3,77.4,77.4,77.4,77.4,77.5,77.6,77.6,77.7,77.8
8,서울,서울,서울,서울,53.1,53.1,53.0,52.6,52.5,52.5,52.2,52.0,52.1,52.2
9,서울,강북지역,강북지역,강북지역,55.6,55.6,55.5,55.1,55.0,55.0,54.9,54.7,54.7,54.8
10,서울,강북지역,도심권,도심권,52.7,52.6,52.4,51.8,51.6,51.5,51.2,51.1,51.1,51.3
11,서울,강북지역,도심권,종로구,61.4,61.3,61.2,60.8,60.7,60.7,60.6,60.3,60.1,60.0
12,서울,강북지역,도심권,중구,60.8,60.7,60.4,59.5,59.3,59.0,58.5,58.3,58.1,58.2
13,서울,강북지역,도심권,용산구,44.0,43.9,43.8,43.2,43.0,42.9,42.7,42.7,43.0,43.2
14,서울,강북지역,동북권,동북권,55.9,55.8,55.8,55.5,55.5,55.5,55.4,55.3,55.3,55.5
15,서울,강북지역,동북권,성동구,47.2,46.8,46.2,44.9,44.4,44.1,43.8,43.7,43.7,43.9
16,서울,강북지역,동북권,광진구,53.8,53.6,53.3,52.1,52.1,52.0,51.9,51.6,51.7,51.9
17,서울,강북지역,동북권,동대문구,59.0,59.0,58.9,58.5,58.4,58.3,58.1,57.9,57.7,57.6
18,서울,강북지역,동북권,중랑구,63.4,63.4,63.4,63.4,63.4,63.5,63.4,63.4,63.4,63.4
19,서울,강북지역,동북권,성북구,58.5,58.6,58.6,58.4,58.5,58.6,58.4,58.1,58.2,58.3
20,서울,강북지역,동북권,강북구,62.2,62.2,62.3,62.4,62.5,62.8,62.8,62.8,63.1,63.3
21,서울,강북지역,동북권,도봉구,55.1,55.1,55.2,55.2,55.3,55.4,55.5,55.5,55.8,56.1
22,서울,강북지역,동북권,노원구,53.6,53.6,53.7,53.7,53.8,53.9,53.9,53.9,53.9,54.2
23,서울,강북지역,서북권,서북권,56.1,56.0,55.9,55.3,55.2,55.0,54.7,54.5,54.4,54.4
24,서울,강북지역,서북권,은평구,59.9,59.9,59.9,59.7,59.6,59.6,59.4,59.3,59.3,59.2
25,서울,강북지역,서북권,서대문구,57.2,57.1,57.0,56.6,56.6,56.5,56.2,56.0,55.8,55.7
26,서울,강북지역,서북권,마포구,51.6,51.5,51.2,50.1,49.8,49.6,49.2,48.8,48.9,49.0
27,서울,강남지역,강남지역,강남지역,51.0,50.9,50.8,50.4,50.4,50.3,50.0,49.7,49.8,50.0
28,서울,강남지역,서남권,서남권,55.6,55.6,55.5,55.0,54.9,54.8,54.4,54.1,54.0,54.0
29,서울,강남지역,서남권,양천구,49.4,49.3,49.2,48.4,48.1,48.1,47.8,47.6,47.5,47.5
30,서울,강남지역,서남권,강서구,56.8,56.8,56.8,56.6,56.5,56.5,56.1,55.7,55.5,55.3
31,서울,강남지역,서남권,구로구,62.4,62.3,62.2,62.1,62.1,62.0,61.6,61.2,61.1,61.2
32,서울,강남지역,서남권,금천구,58.5,58.5,58.5,58.5,58.5,58.7,58.7,58.8,58.9,59.1
33,서울,강남지역,서남권,영등포구,52.0,51.9,51.8,51.0,50.9,50.7,50.3,49.8,49.7,49.6
34,서울,강남지역,서남권,동작구,53.4,53.3,53.2,52.4,51.9,51.6,51.2,51.1,51.3,51.3
35,서울,강남지역,서남권,관악구,59.8,59.6,59.6,59.4,59.3,59.2,58.7,58.2,58.2,58.2
36,서울,강남지역,동남권,동남권,45.8,45.6,45.6,45.3,45.3,45.2,44.9,44.9,45.2,45.5
37,서울,강남지역,동남권,서초구,45.3,45.0,44.9,45.2,45.4,45.7,45.7,45.8,46.1,46.3
38,서울,강남지역,동남권,강남구,43.6,43.4,43.2,43.0,42.9,42.7,42.6,42.6,43.0,43.1
39,서울,강남지역,동남권,송파구,42.5,42.3,42.4,41.8,41.7,41.4,40.9,40.7,41.0,41.6
40,서울,강남지역,동남권,강동구,54.3,54.3,54.3,53.6,53.6,53.6,53.3,53.2,53.5,53.7
41,경기,경기,경기,경기,65.9,66.0,66.0,66.0,66.0,66.1,66.2,66.3,66.5,66.6
42,경기,경부1권,경부1권,경부1권,57.6,57.5,57.4,56.8,56.7,56.6,56.6,56.4,56.4,56.4
43,경기,경부1권,과천시,과천시,53.4,53.3,53.2,51.9,50.6,49.1,48.2,47.8,47.8,47.7
44,경기,경부1권,안양시,안양시,61.1,61.1,61.1,60.7,60.9,60.8,60.7,60.3,60.1,60.1
45,경기,경부1권,안양시,만안구,66.1,66.3,66.4,66.2,66.3,66.4,66.4,66.1,66.2,66.2
46,경기,경부1권,안양시,동안구,58.5,58.3,58.3,57.8,57.9,57.8,57.7,57.4,57.0,57.0
47,경기,경부1권,성남시,성남시,51.2,50.9,50.5,49.4,49.1,49.0,49.3,49.3,49.3,49.2
48,경기,경부1권,성남시,수정구,58.1,58.0,58.0,57.7,57.6,58.2,58.0,57.5,57.6,57.4
49,경기,경부1권,성남시,중원구,56.1,55.9,55.9,55.9,56.1,56.1,59.9,59.7,59.6,59.8
50,경기,경부1권,성남시,분당구,48.5,48.0,47.4,45.8,45.4,45.1,44.6,44.3,44.3,44.3
51,경기,경부1권,군포시,군포시,65.6,65.6,65.9,66.0,66.2,66.1,66.0,66.0,66.3,66.4
52,경기,경부1권,의왕시,의왕시,61.8,61.9,61.9,62.1,61.9,61.9,62.1,62.1,62.2,62.4
53,경기,경부2권,경부2권,경부2권,65.3,65.4,65.4,65.4,65.4,65.4,65.4,65.3,65.3,65.3
54,경기,경부2권,안성시,안성시,74.8,74.9,74.9,75.0,75.2,75.4,75.6,75.7,75.8,76.0
55,경기,경부2권,용인시,용인시,65.8,65.9,65.9,65.7,65.6,65.5,65.2,64.8,64.8,64.8
56,경기,경부2권,용인시,처인구,67.9,67.9,67.9,68.0,68.1,68.1,68.2,68.2,68.2,68.4
57,경기,경부2권,용인시,기흥구,67.1,67.3,67.4,67.5,67.3,67.3,67.2,67.0,67.2,67.3
58,경기,경부2권,용인시,수지구,63.6,63.5,63.5,63.0,62.7,62.5,61.8,61.0,60.6,60.5
59,경기,경부2권,수원시,수원시,63.2,63.2,63.3,63.3,63.4,63.5,63.8,63.8,63.8,63.9
60,경기,경부2권,수원시,장안구,64.2,64.2,64.2,64.1,64.1,64.1,63.9,63.8,63.7,63.6
61,경기,경부2권,수원시,권선구,66.0,66.0,66.1,66.1,66.0,65.8,66.2,66.1,66.4,66.5
62,경기,경부2권,수원시,팔달구,59.9,60.0,60.1,60.1,60.2,60.0,60.8,60.8,60.8,60.9
63,경기,경부2권,수원시,영통구,61.6,61.7,62.0,62.0,62.4,62.9,63.2,63.3,63.2,63.3
64,경기,서해안권,서해안권,서해안권,65.2,65.2,65.3,65.3,65.3,65.5,65.6,65.9,66.2,66.4
65,경기,서해안권,부천시,부천시,66.7,66.6,66.5,66.5,66.5,66.6,66.6,66.6,66.6,66.6
66,경기,서해안권,부천시,원미구,67.8,67.7,67.6,67.5,67.5,67.5,67.5,67.4,67.4,67.4
67,경기,서해안권,부천시,(구)원미구,,,,,,,,,,
68,경기,서해안권,부천시,소사구,66.7,66.7,66.7,66.7,66.7,66.7,66.7,66.7,66.7,66.7
69,경기,서해안권,부천시,(구)소사구,,,,,,,,,,
70,경기,서해안권,부천시,오정구,62.2,61.8,61.7,61.9,62.1,62.7,63.0,63.1,63.1,63.3
71,경기,서해안권,부천시,(구)오정구,,,,,,,,,,
72,경기,서해안권,안산시,안산시,62.2,62.2,62.3,62.4,62.4,62.7,62.8,62.9,63.1,63.3
73,경기,서해안권,안산시,상록구,63.3,63.3,63.4,63.5,63.5,63.8,63.9,64.0,64.1,64.3
74,경기,서해안권,안산시,단원구,61.3,61.3,61.5,61.5,61.6,61.8,61.9,62.1,62.3,62.5
75,경기,서해안권,시흥시,시흥시,65.4,65.4,65.4,65.4,65.5,65.6,65.8,66.1,66.2,66.5
76,경기,서해안권,광명시,광명시,54.5,54.2,53.9,53.0,52.6,52.0,51.3,50.8,50.9,51.0
77,경기,서해안권,화성시,화성시,63.6,63.6,63.7,63.9,63.7,64.0,64.1,64.2,64.5,64.8
78,경기,서해안권,화성시,만세구,,,,,,,,68.4,68.7,69.5
79,경기,서해안권,화성시,효행구,,,,,,,,72.1,72.2,72.5
80,경기,서해안권,화성시,병점구,,,,,,,,70.4,70.7,71.1
81,경기,서해안권,화성시,동탄구,,,,,,,,57.2,57.4,57.5
82,경기,서해안권,오산시,오산시,71.1,71.3,71.5,71.7,71.5,71.4,71.3,71.4,71.7,71.9
83,경기,서해안권,평택시,평택시,70.4,70.6,70.8,71.0,71.5,71.9,72.6,73.4,74.1,74.8
84,경기,동부1권,동부1권,동부1권,68.0,68.1,68.4,68.5,68.7,68.8,68.8,68.7,68.9,69.0
85,경기,동부1권,남양주시,남양주시,71.6,71.7,71.9,72.0,72.2,72.4,72.4,72.5,72.7,73.0
86,경기,동부1권,구리시,구리시,62.1,62.3,62.6,62.8,62.5,62.6,62.4,61.8,61.7,61.4
87,경기,동부1권,하남시,하남시,59.8,60.0,60.1,59.9,60.2,60.1,60.0,59.6,59.4,59.4
88,경기,동부1권,광주시,광주시,71.3,71.6,72.1,72.4,72.9,73.2,73.3,73.6,74.0,74.3
89,경기,동부2권,동부2권,동부2권,81.3,81.5,81.6,81.7,81.8,81.8,81.8,82.0,82.3,82.3
90,경기,동부2권,이천시,이천시,83.2,83.1,83.3,83.4,83.4,83.5,83.5,83.6,83.6,83.7
91,경기,동부2권,여주시,여주시,81.0,81.2,81.4,81.6,81.7,81.8,81.8,81.9,82.0,82.1
92,경기,경의권,경의권,경의권,71.1,71.1,71.2,71.3,71.4,71.5,71.7,71.9,72.3,72.7
93,경기,경의권,김포시,김포시,69.7,69.6,69.7,69.8,70.1,70.4,70.7,70.9,71.6,72.2
94,경기,경의권,고양시,고양시,71.2,71.2,71.2,71.3,71.2,71.3,71.4,71.5,71.8,72.1
95,경기,경의권,고양시,덕양구,70.9,70.7,70.8,70.9,70.7,70.7,70.8,70.8,71.0,71.3
96,경기,경의권,고양시,일산동구,71.1,71.2,71.2,71.2,71.1,71.1,71.1,71.2,71.5,72.0
97,경기,경의권,고양시,일산서구,71.7,71.7,71.7,71.7,71.8,72.2,72.4,72.5,72.9,73.2
98,경기,경의권,파주시,파주시,72.3,72.5,72.8,72.9,73.2,73.4,73.7,74.0,74.5,74.8
99,경기,경원권,경원권,경원권,68.4,68.5,68.7,68.8,68.9,69.0,69.2,69.4,69.5,69.8
100,경기,경원권,포천시,포천시,75.1,75.2,75.4,75.7,75.7,75.8,76.1,76.2,76.2,76.2
101,경기,경원권,동두천시,동두천시,72.6,72.7,73.0,73.2,73.3,73.5,73.7,73.7,73.7,73.7
102,경기,경원권,양주시,양주시,62.5,62.6,62.7,62.7,62.7,62.8,63.0,63.3,63.5,63.9
103,경기,경원권,의정부시,의정부시,70.5,70.6,70.7,70.9,71.1,71.1,71.4,71.5,71.6,71.9
104,인천,인천,인천,인천,67.7,67.7,67.8,67.8,68.0,68.1,68.2,68.3,68.6,68.8
105,인천,중구,중구,중구,65.1,65.2,65.2,65.1,65.1,65.2,65.2,65.2,65.2,65.2
106,인천,동구,동구,동구,77.6,77.5,77.5,77.5,77.5,77.5,77.6,77.6,77.7,77.7
107,인천,남구,남구,남구,,,,,,,,,,
108,인천,미추홀구,미추홀구,미추홀구,73.0,72.9,72.9,72.9,72.9,72.9,72.9,73.0,73.1,73.3
109,인천,연수구,연수구,연수구,60.5,60.6,60.6,60.6,60.7,60.9,60.9,60.8,61.1,61.4
110,인천,남동구,남동구,남동구,71.0,70.9,70.9,70.9,71.0,71.1,71.3,71.5,71.7,71.9
111,인천,부평구,부평구,부평구,70.6,70.6,70.7,70.7,70.7,70.7,70.7,70.7,70.7,70.8
112,인천,계양구,계양구,계양구,70.9,70.9,71.1,71.1,71.2,71.2,71.2,71.4,71.9,72.0
113,인천,서구,서구,서구,64.6,64.6,64.9,65.1,65.4,65.8,66.3,66.5,66.8,67.3
114,부산,부산,부산,부산,66.9,67.0,67.2,67.3,67.5,67.7,67.8,68.1,68.4,68.6
115,부산,중부산권,중부산권,중부산권,66.9,67.1,67.2,67.4,67.5,67.7,67.8,68.2,68.5,68.8
116,부산,중부산권,중구,중구,73.9,74.0,74.1,74.2,74.3,74.3,74.4,74.4,74.5,74.6
117,부산,중부산권,서구,서구,71.3,71.5,71.6,71.8,71.9,72.1,72.4,72.6,72.9,73.2
118,부산,중부산권,동구,동구,69.4,69.4,69.5,69.7,69.8,70.0,70.1,70.2,70.6,70.9
119,부산,중부산권,영도구,영도구,70.0,70.0,70.1,70.1,70.4,70.8,71.3,71.9,72.7,73.1
120,부산,중부산권,부산진구,부산진구,71.2,71.3,71.5,71.7,71.7,71.8,71.8,72.0,72.2,72.3
121,부산,중부산권,남구,남구,67.9,68.0,68.1,68.5,69.0,69.0,69.1,69.3,69.6,69.7
122,부산,중부산권,연제구,연제구,63.6,63.8,63.9,64.0,64.2,64.4,64.6,64.8,65.4,66.1
123,부산,중부산권,수영구,수영구,54.0,54.0,54.1,54.2,54.3,54.7,54.8,54.7,55.0,55.3
124,부산,동부산권,동부산권,동부산권,61.5,61.7,61.8,61.9,61.9,62.1,62.2,62.4,62.7,62.8
125,부산,동부산권,해운대구,해운대구,55.9,56.0,56.0,56.0,56.0,56.1,56.1,56.1,56.4,56.5
126,부산,동부산권,금정구,금정구,67.0,67.1,67.2,67.4,67.5,67.7,68.1,68.4,69.0,69.4
127,부산,동부산권,동래구,동래구,61.3,61.6,61.8,61.9,62.0,62.1,62.3,62.5,62.8,63.0
128,부산,동부산권,기장군,기장군,70.9,71.2,71.2,71.3,71.4,71.5,71.7,71.8,72.0,72.1
129,부산,서부산권,서부산권,서부산권,72.7,73.0,73.2,73.4,73.7,74.0,74.2,74.4,74.6,74.8
130,부산,서부산권,북구,북구,73.7,73.9,74.2,74.5,74.8,75.2,75.4,75.6,75.9,76.0
131,부산,서부산권,강서구,강서구,67.6,67.6,67.6,67.6,67.6,67.7,67.9,68.1,68.3,68.6
132,부산,서부산권,사상구,사상구,75.6,75.7,75.7,75.9,76.1,76.2,76.3,76.5,76.7,76.8
133,부산,서부산권,사하구,사하구,71.8,72.2,72.6,72.9,73.3,73.6,73.9,74.1,74.5,74.7
134,대구,대구,대구,대구,69.1,69.3,69.4,69.6,69.8,69.9,70.1,70.1,70.3,70.5
135,대구,중구,중구,중구,61.4,61.3,61.4,61.6,61.6,61.6,61.6,61.6,61.8,61.7
136,대구,동구,동구,동구,70.0,70.2,70.4,70.6,70.9,71.3,71.2,71.3,71.5,71.5
137,대구,서구,서구,서구,61.7,61.8,61.8,61.8,62.1,62.2,62.3,62.4,62.7,63.0
138,대구,남구,남구,남구,69.4,69.4,69.4,69.4,69.5,69.5,69.6,69.6,69.8,69.9
139,대구,북구,북구,북구,77.1,77.1,77.1,77.2,77.3,77.3,77.5,77.7,77.9,78.0
140,대구,수성구,수성구,수성구,59.6,59.9,60.2,60.4,60.6,60.7,60.9,60.9,61.1,61.1
141,대구,달서구,달서구,달서구,70.3,70.5,70.9,71.1,71.4,71.7,72.0,72.3,72.6,72.9
142,대구,달성군,달성군,달성군,72.3,72.4,72.4,72.4,72.4,72.4,72.5,72.7,72.9,73.3
143,광주,광주,광주,광주,76.7,76.8,76.9,77.0,77.1,77.2,77.3,77.4,77.6,77.9
144,광주,동구,동구,동구,72.3,72.4,72.5,72.7,72.8,73.1,73.3,73.5,73.9,74.4
145,광주,서구,서구,서구,77.0,77.0,77.1,77.1,77.2,77.3,77.4,77.5,77.7,78.0
146,광주,남구,남구,남구,71.3,71.6,72.1,72.3,72.4,72.4,72.5,72.7,73.2,73.8
147,광주,북구,북구,북구,79.8,79.9,80.0,80.1,80.2,80.3,80.5,80.6,80.7,80.8
148,광주,광산구,광산구,광산구,77.0,77.0,77.1,77.1,77.1,77.1,77.1,77.1,77.3,77.5
149,대전,대전,대전,대전,70.4,70.4,70.5,70.6,70.8,70.9,71.1,71.2,71.3,71.5
150,대전,동구,동구,동구,71.1,71.2,71.3,71.5,71.7,71.9,72.1,72.3,72.6,73.0
151,대전,중구,중구,중구,70.0,70.0,70.1,70.3,70.5,70.6,70.7,70.9,71.1,71.4
152,대전,서구,서구,서구,70.8,70.8,70.8,70.9,70.9,71.0,71.0,71.1,71.1,71.1
153,대전,유성구,유성구,유성구,69.0,69.0,69.3,69.5,69.7,70.0,70.4,70.5,70.6,70.7
154,대전,대덕구,대덕구,대덕구,72.0,72.0,72.1,72.1,72.2,72.3,72.4,72.5,72.6,72.7
155,울산,울산,울산,울산,73.9,74.0,74.1,74.1,74.0,74.0,74.1,74.1,74.2,74.3
156,울산,중구,중구,중구,71.4,71.5,71.5,71.5,71.4,71.4,71.4,71.3,71.4,71.4
157,울산,남구,남구,남구,71.2,71.2,71.1,71.1,70.9,70.8,70.8,70.6,70.7,70.7
158,울산,동구,동구,동구,76.5,76.9,77.4,77.3,77.4,77.4,77.5,77.7,77.9,78.1
159,울산,북구,북구,북구,74.9,74.9,75.0,75.0,75.0,74.9,75.1,75.2,75.5,75.7
160,울산,울주군,울주군,울주군,77.1,77.2,77.3,77.3,77.4,77.4,77.4,77.5,77.5,77.5
161,세종,세종,세종,세종,47.7,47.8,48.1,48.6,49.3,49.9,50.3,50.5,50.9,51.2
162,강원,강원,강원,강원,76.6,76.7,76.6,76.6,76.6,76.6,76.6,76.6,76.7,76.7
163,강원,춘천시,춘천시,춘천시,80.2,80.5,80.4,80.4,80.4,80.3,80.2,80.2,80.1,80.1
164,강원,원주시,원주시,원주시,78.8,78.9,78.8,78.8,78.9,78.9,78.9,78.9,79.1,79.1
165,강원,강릉시,강릉시,강릉시,78.0,78.4,78.6,78.7,78.7,78.7,78.7,78.7,78.8,78.8
166,강원,동해시,동해시,동해시,73.9,73.5,72.7,72.5,72.5,72.1,72.0,71.8,71.8,71.8
167,강원,태백시,태백시,태백시,72.8,72.9,73.0,73.2,73.2,72.7,72.7,72.6,72.7,72.9
168,강원,속초시,속초시,속초시,73.1,73.1,73.4,73.5,73.2,73.7,73.9,74.0,74.0,74.0
169,강원,삼척시,삼척시,삼척시,70.0,69.9,69.4,69.5,69.5,69.3,69.1,69.2,69.0,68.6
170,충북,충북,충북,충북,78.5,78.5,78.3,78.3,78.3,78.4,78.5,78.5,78.5,78.6
171,충북,(구)청주시,(구)청주시,(구)청주시,,,,,,,,,,
172,충북,(구)청주시,(구)상당구,(구)상당구,,,,,,,,,,
173,충북,(구)청주시,(구)흥덕구,(구)흥덕구,,,,,,,,,,
174,충북,청주시,청주시,청주시,80.2,80.1,79.8,79.9,79.8,79.9,80.0,80.1,80.2,80.2
175,충북,청주시,상당구,상당구,81.9,81.8,81.7,81.6,81.6,81.7,81.8,81.9,81.9,81.8
176,충북,청주시,서원구,서원구,84.3,84.4,84.5,84.5,84.5,84.6,85.1,85.1,85.5,85.6
177,충북,청주시,흥덕구,흥덕구,77.8,77.4,76.7,76.7,76.5,76.8,76.8,76.8,76.9,76.8
178,충북,청주시,청원구,청원구,77.8,77.8,78.1,78.1,78.0,77.9,78.0,78.0,78.0,78.0
179,충북,충주시,충주시,충주시,78.1,78.2,78.2,78.2,78.3,78.3,78.7,78.9,78.6,79.0
180,충북,제천시,제천시,제천시,76.5,76.7,77.1,77.3,77.2,77.2,77.0,76.9,77.0,77.4
181,충북,(구)청원군,(구)청원군,(구)청원군,,,,,,,,,,
182,충북,음성군,음성군,음성군,71.8,72.0,72.0,72.0,72.0,72.1,72.2,72.3,72.6,72.8
183,충남,충남,충남,충남,76.6,76.6,76.7,76.8,76.8,76.9,77.0,77.0,77.2,77.3
184,충남,천안시,천안시,천안시,77.8,77.9,78.0,78.0,78.1,78.1,78.2,78.4,78.6,78.6
185,충남,천안시,동남구,동남구,78.6,78.4,78.6,78.5,78.4,78.4,78.5,78.4,78.5,78.5
186,충남,천안시,서북구,서북구,77.3,77.5,77.6,77.7,77.9,77.9,78.0,78.4,78.7,78.7
187,충남,공주시,공주시,공주시,73.0,73.0,73.0,73.0,73.0,73.1,73.0,73.0,73.2,73.2
188,충남,보령시,보령시,보령시,73.7,73.7,73.6,73.6,73.5,73.5,73.5,73.5,73.4,73.6
189,충남,아산시,아산시,아산시,77.2,77.1,77.2,77.2,77.2,77.3,77.6,77.6,78.0,78.1
190,충남,서산시,서산시,서산시,81.2,81.2,81.0,81.3,81.3,81.1,81.1,81.1,81.3,81.4
191,충남,논산시,논산시,논산시,72.1,72.1,71.9,72.0,72.0,71.9,71.9,71.8,71.7,71.6
192,충남,계룡시,계룡시,계룡시,75.8,75.8,75.8,75.8,75.8,75.9,76.0,76.0,76.0,76.1
193,충남,연기군,연기군,연기군,,,,,,,,,,
194,충남,홍성군,홍성군,홍성군,69.2,69.2,69.2,69.1,69.2,69.3,69.4,69.5,69.5,69.5
195,충남,예산군,예산군,예산군,65.7,65.7,65.9,66.1,66.4,66.7,66.9,67.2,67.6,67.8
196,충남,당진시,당진시,당진시,78.3,78.3,78.6,78.6,78.6,78.9,79.2,79.2,79.2,79.2
197,전북,전북,전북,전북,78.6,78.5,78.4,78.2,78.1,77.9,77.9,78.0,78.2,78.2
198,전북,전주시,전주시,전주시,78.1,77.9,77.7,77.4,77.1,76.7,76.4,76.4,76.6,76.5
199,전북,전주시,완산구,완산구,78.0,77.8,77.6,77.3,76.9,76.4,76.1,75.9,76.2,76.2
200,전북,전주시,덕진구,덕진구,78.3,78.1,77.8,77.6,77.3,76.9,76.8,76.8,76.9,76.8
201,전북,군산시,군산시,군산시,82.3,82.3,82.3,82.3,82.3,82.4,82.4,82.5,82.5,82.5
202,전북,익산시,익산시,익산시,81.8,82.2,82.2,82.2,82.6,82.6,82.9,83.3,83.5,83.9
203,전북,정읍시,정읍시,정읍시,68.9,68.9,68.8,68.9,69.4,70.4,70.1,70.1,70.5,70.8
204,전북,남원시,남원시,남원시,72.0,71.9,71.7,71.3,70.7,70.1,69.8,69.4,69.2,68.9
205,전북,김제시,김제시,김제시,70.7,70.7,70.6,70.6,70.5,70.6,70.7,70.8,70.9,70.9
206,전남,전남,전남,전남,78.5,78.5,78.5,78.6,78.7,78.7,78.7,78.8,79.0,79.2
207,전남,목포시,목포시,목포시,83.3,83.3,83.4,83.6,83.8,84.1,84.2,84.2,84.4,84.3
208,전남,여수시,여수시,여수시,71.9,71.9,72.0,72.1,72.1,72.1,72.2,72.5,73.4,73.9
209,전남,순천시,순천시,순천시,81.4,81.3,81.3,81.4,81.4,81.1,81.1,81.2,81.4,81.6
210,전남,나주시,나주시,나주시,72.8,72.8,72.9,73.0,73.2,73.2,73.3,73.3,73.5,74.0
211,전남,광양시,광양시,광양시,83.4,83.4,83.6,83.6,83.7,83.7,83.9,84.0,84.2,84.3
212,전남,무안군,무안군,무안군,76.0,76.0,76.0,76.0,76.0,75.8,75.4,75.3,75.1,74.6
213,경북,경북,경북,경북,78.1,78.1,78.2,78.2,78.2,78.3,78.4,78.4,78.5,78.6
214,경북,포항시,포항시,포항시,81.9,81.8,81.9,82.0,82.1,82.1,82.2,82.3,82.4,82.5
215,경북,포항시,남구,남구,80.7,80.6,80.8,81.0,81.2,81.3,81.5,81.6,81.7,81.8
216,경북,포항시,북구,북구,82.6,82.6,82.6,82.6,82.6,82.6,82.7,82.7,82.8,82.9
217,경북,경주시,경주시,경주시,75.1,75.2,75.4,75.5,75.5,75.6,75.6,75.6,75.5,75.5
218,경북,김천시,김천시,김천시,73.8,73.9,73.9,74.1,74.1,74.0,73.9,73.9,73.8,73.8
219,경북,안동시,안동시,안동시,72.8,72.5,72.4,72.3,71.9,71.5,72.0,71.5,71.5,71.5
220,경북,구미시,구미시,구미시,81.1,81.1,81.5,81.5,81.4,81.5,81.5,81.3,81.4,81.8
221,경북,영주시,영주시,영주시,71.8,71.9,72.0,71.9,71.9,71.9,71.9,71.9,71.8,71.7
222,경북,영천시,영천시,영천시,71.4,71.4,71.2,71.1,71.1,71.1,71.0,70.8,70.7,70.6
223,경북,상주시,상주시,상주시,65.0,65.0,64.7,64.4,64.2,64.1,63.9,63.8,63.7,63.6
224,경북,문경시,문경시,문경시,69.3,69.1,68.9,68.9,68.6,68.2,67.8,67.6,67.6,67.4
225,경북,경산시,경산시,경산시,79.0,79.2,79.2,79.3,79.5,79.6,79.9,80.1,80.2,80.4
226,경북,칠곡군,칠곡군,칠곡군,76.6,76.8,77.1,77.0,76.8,76.8,77.0,77.2,77.4,77.6
227,경남,경남,경남,경남,77.1,77.1,77.2,77.3,77.5,77.6,77.8,77.9,77.9,78.0
228,경남,창원시,창원시,창원시,77.9,77.9,77.9,77.9,77.9,77.8,77.8,77.7,77.6,77.5
229,경남,창원시,의창구,의창구,76.9,76.8,76.9,76.7,76.8,76.9,77.0,76.8,76.8,76.7
230,경남,창원시,성산구,성산구,73.4,73.3,73.1,73.0,72.5,72.4,72.4,72.1,71.7,71.3
231,경남,창원시,마산합포구,마산합포구,82.0,82.1,82.1,82.1,82.3,82.3,82.3,82.3,82.3,82.4
232,경남,창원시,마산회원구,마산회원구,83.5,83.5,83.6,83.8,83.7,83.4,83.2,83.1,83.0,83.1
233,경남,창원시,진해구,진해구,76.9,76.9,77.1,77.3,77.6,77.7,77.8,77.8,77.9,78.3
234,경남,진주시,진주시,진주시,77.4,77.4,77.3,77.2,77.0,76.9,76.8,76.6,76.7,76.5
235,경남,통영시,통영시,통영시,75.7,75.8,76.0,76.2,76.2,76.3,76.4,76.4,76.6,76.6
236,경남,사천시,사천시,사천시,81.8,81.7,81.7,81.7,81.7,81.7,81.9,82.1,82.1,82.2
237,경남,김해시,김해시,김해시,79.0,78.9,79.0,79.2,79.6,79.7,79.9,80.0,79.9,80.2
238,경남,밀양시,밀양시,밀양시,74.1,74.1,74.4,74.8,75.1,75.5,75.7,75.8,75.9,75.9
239,경남,거제시,거제시,거제시,78.5,79.1,79.4,79.9,80.2,80.8,81.3,81.9,82.3,82.7
240,경남,양산시,양산시,양산시,72.2,72.5,72.8,73.0,73.3,73.9,74.5,74.9,74.9,75.1
241,제주,제주,제주,제주,65.6,65.6,65.6,65.6,65.6,65.6,65.6,65.6,65.8,65.9
242,제주,제주시,제주시,제주시,64.9,64.9,64.9,64.9,64.9,64.9,64.9,64.9,65.2,65.2
243,제주,서귀포시,서귀포시,서귀포시,67.9,67.9,67.9,68.0,68.1,68.1,68.1,68.1,68.2,68.2
